--Market
INSERT INTO markets (id, version, name) VALUES (1, 0, 'MARKET1');
INSERT INTO markets (id, version, name) VALUES (2, 0, 'MARKET2');
INSERT INTO markets (id, version, name) VALUES (3, 0, 'MARKET3');
INSERT INTO markets (id, version, name) VALUES (4, 0, 'MARKET4');
INSERT INTO markets (id, version, name) VALUES (5, 0, 'MARKET5');
INSERT INTO markets (id, version, name) VALUES (6, 0, 'MARKET6');
INSERT INTO markets (id, version, name) VALUES (7, 0, 'MARKET7');
INSERT INTO markets (id, version, name) VALUES (8, 0, 'MARKET8');
INSERT INTO markets (id, version, name) VALUES (9, 0, 'MARKET9');
INSERT INTO markets (id, version, name) VALUES (10, 0, 'MARKET10');
INSERT INTO markets (id, version, name) VALUES (11, 0, 'MARKET11');
INSERT INTO markets (id, version, name) VALUES (12, 0, 'MARKET12');
INSERT INTO markets (id, version, name) VALUES (13, 0, 'MARKET13');
INSERT INTO markets (id, version, name) VALUES (14, 0, 'MARKET14');
INSERT INTO markets (id, version, name) VALUES (15, 0, 'MARKET15');
INSERT INTO markets (id, version, name) VALUES (16, 0, 'MARKET16');
INSERT INTO markets (id, version, name) VALUES (17, 0, 'MARKET17');
INSERT INTO markets (id, version, name) VALUES (18, 0, 'MARKET18');
INSERT INTO markets (id, version, name) VALUES (19, 0, 'MARKET19');
INSERT INTO markets (id, version, name) VALUES (20, 0, 'MARKET20');

--Instruments
INSERT INTO instruments (id, version, name) VALUES (1, 0, 'INSTRUMENT1');
INSERT INTO instruments (id, version, name) VALUES (2, 0, 'INSTRUMENT2');
INSERT INTO instruments (id, version, name) VALUES (3, 0, 'INSTRUMENT3');
INSERT INTO instruments (id, version, name) VALUES (4, 0, 'INSTRUMENT4');
INSERT INTO instruments (id, version, name) VALUES (5, 0, 'INSTRUMENT5');
INSERT INTO instruments (id, version, name) VALUES (6, 0, 'INSTRUMENT6');
INSERT INTO instruments (id, version, name) VALUES (7, 0, 'INSTRUMENT7');
INSERT INTO instruments (id, version, name) VALUES (8, 0, 'INSTRUMENT8');
INSERT INTO instruments (id, version, name) VALUES (9, 0, 'INSTRUMENT9');
INSERT INTO instruments (id, version, name) VALUES (10, 0, 'INSTRUMENT10');
INSERT INTO instruments (id, version, name) VALUES (11, 0, 'INSTRUMENT11');
INSERT INTO instruments (id, version, name) VALUES (12, 0, 'INSTRUMENT12');
INSERT INTO instruments (id, version, name) VALUES (13, 0, 'INSTRUMENT13');
INSERT INTO instruments (id, version, name) VALUES (14, 0, 'INSTRUMENT14');
INSERT INTO instruments (id, version, name) VALUES (15, 0, 'INSTRUMENT15');
INSERT INTO instruments (id, version, name) VALUES (16, 0, 'INSTRUMENT16');
INSERT INTO instruments (id, version, name) VALUES (17, 0, 'INSTRUMENT17');
INSERT INTO instruments (id, version, name) VALUES (18, 0, 'INSTRUMENT18');
INSERT INTO instruments (id, version, name) VALUES (19, 0, 'INSTRUMENT19');
INSERT INTO instruments (id, version, name) VALUES (20, 0, 'INSTRUMENT20');

--INSERT INTO vwaps (id, version, bid_price, bid_amount, offer_price,offer_amount, instrument_id, market_id) VALUES(1,0, 0,0,0, 0, 1,1);
INSERT INTO vwaps (id, version, bid_price, bid_amount, offer_price,offer_amount, instrument_id, market_id) VALUES(2,0, 0,0,0, 0, 1,2);
INSERT INTO vwaps (id, version, bid_price, bid_amount, offer_price,offer_amount, instrument_id, market_id) VALUES(3,0, 0,0,0, 0, 1,3);
INSERT INTO vwaps (id, version, bid_price, bid_amount, offer_price,offer_amount, instrument_id, market_id) VALUES(4,0, 0,0,0, 0, 1,4);
INSERT INTO vwaps (id, version, bid_price, bid_amount, offer_price,offer_amount, instrument_id, market_id) VALUES(5,0, 0,0,0, 0, 1,5);
INSERT INTO vwaps (id, version, bid_price, bid_amount, offer_price,offer_amount, instrument_id, market_id) VALUES(6,0, 0,0,0, 0, 1,6);
INSERT INTO vwaps (id, version, bid_price, bid_amount, offer_price,offer_amount, instrument_id, market_id) VALUES(7,0, 0,0,0, 0, 1,7);
INSERT INTO vwaps (id, version, bid_price, bid_amount, offer_price,offer_amount, instrument_id, market_id) VALUES(8,0, 0,0,0, 0, 1,8);
INSERT INTO vwaps (id, version, bid_price, bid_amount, offer_price,offer_amount, instrument_id, market_id) VALUES(9,0, 0,0,0, 0, 1,9);
INSERT INTO vwaps (id, version, bid_price, bid_amount, offer_price,offer_amount, instrument_id, market_id) VALUES(10,0, 0,0,0, 0, 1,10);
INSERT INTO vwaps (id, version, bid_price, bid_amount, offer_price,offer_amount, instrument_id, market_id) VALUES(11,0, 0,0,0, 0, 1,11);
INSERT INTO vwaps (id, version, bid_price, bid_amount, offer_price,offer_amount, instrument_id, market_id) VALUES(12,0, 0,0,0, 0, 1,12);
INSERT INTO vwaps (id, version, bid_price, bid_amount, offer_price,offer_amount, instrument_id, market_id) VALUES(13,0, 0,0,0, 0, 1,13);
INSERT INTO vwaps (id, version, bid_price, bid_amount, offer_price,offer_amount, instrument_id, market_id) VALUES(14,0, 0,0,0, 0, 1,14);
INSERT INTO vwaps (id, version, bid_price, bid_amount, offer_price,offer_amount, instrument_id, market_id) VALUES(15,0, 0,0,0, 0, 1,15);
INSERT INTO vwaps (id, version, bid_price, bid_amount, offer_price,offer_amount, instrument_id, market_id) VALUES(16,0, 0,0,0, 0, 1,16);
INSERT INTO vwaps (id, version, bid_price, bid_amount, offer_price,offer_amount, instrument_id, market_id) VALUES(17,0, 0,0,0, 0, 1,17);
INSERT INTO vwaps (id, version, bid_price, bid_amount, offer_price,offer_amount, instrument_id, market_id) VALUES(18,0, 0,0,0, 0, 1,18);
INSERT INTO vwaps (id, version, bid_price, bid_amount, offer_price,offer_amount, instrument_id, market_id) VALUES(19,0, 0,0,0, 0, 1,19);
INSERT INTO vwaps (id, version, bid_price, bid_amount, offer_price,offer_amount, instrument_id, market_id) VALUES(20,0, 0,0,0, 0, 1,20);
INSERT INTO vwaps (id, version, bid_price, bid_amount, offer_price,offer_amount, instrument_id, market_id) VALUES(21,0, 0,0,0, 0, 2,1);
INSERT INTO vwaps (id, version, bid_price, bid_amount, offer_price,offer_amount, instrument_id, market_id) VALUES(22,0, 0,0,0, 0, 2,2);
INSERT INTO vwaps (id, version, bid_price, bid_amount, offer_price,offer_amount, instrument_id, market_id) VALUES(23,0, 0,0,0, 0, 2,3);
INSERT INTO vwaps (id, version, bid_price, bid_amount, offer_price,offer_amount, instrument_id, market_id) VALUES(24,0, 0,0,0, 0, 2,4);
INSERT INTO vwaps (id, version, bid_price, bid_amount, offer_price,offer_amount, instrument_id, market_id) VALUES(25,0, 0,0,0, 0, 2,5);
INSERT INTO vwaps (id, version, bid_price, bid_amount, offer_price,offer_amount, instrument_id, market_id) VALUES(26,0, 0,0,0, 0, 2,6);
INSERT INTO vwaps (id, version, bid_price, bid_amount, offer_price,offer_amount, instrument_id, market_id) VALUES(27,0, 0,0,0, 0, 2,7);
INSERT INTO vwaps (id, version, bid_price, bid_amount, offer_price,offer_amount, instrument_id, market_id) VALUES(28,0, 0,0,0, 0, 2,8);
INSERT INTO vwaps (id, version, bid_price, bid_amount, offer_price,offer_amount, instrument_id, market_id) VALUES(29,0, 0,0,0, 0, 2,9);
INSERT INTO vwaps (id, version, bid_price, bid_amount, offer_price,offer_amount, instrument_id, market_id) VALUES(30,0, 0,0,0, 0, 2,10);
INSERT INTO vwaps (id, version, bid_price, bid_amount, offer_price,offer_amount, instrument_id, market_id) VALUES(31,0, 0,0,0, 0, 2,11);
INSERT INTO vwaps (id, version, bid_price, bid_amount, offer_price,offer_amount, instrument_id, market_id) VALUES(32,0, 0,0,0, 0, 2,12);
INSERT INTO vwaps (id, version, bid_price, bid_amount, offer_price,offer_amount, instrument_id, market_id) VALUES(33,0, 0,0,0, 0, 2,13);
INSERT INTO vwaps (id, version, bid_price, bid_amount, offer_price,offer_amount, instrument_id, market_id) VALUES(34,0, 0,0,0, 0, 2,14);
INSERT INTO vwaps (id, version, bid_price, bid_amount, offer_price,offer_amount, instrument_id, market_id) VALUES(35,0, 0,0,0, 0, 2,15);
INSERT INTO vwaps (id, version, bid_price, bid_amount, offer_price,offer_amount, instrument_id, market_id) VALUES(36,0, 0,0,0, 0, 2,16);
INSERT INTO vwaps (id, version, bid_price, bid_amount, offer_price,offer_amount, instrument_id, market_id) VALUES(37,0, 0,0,0, 0, 2,17);
INSERT INTO vwaps (id, version, bid_price, bid_amount, offer_price,offer_amount, instrument_id, market_id) VALUES(38,0, 0,0,0, 0, 2,18);
INSERT INTO vwaps (id, version, bid_price, bid_amount, offer_price,offer_amount, instrument_id, market_id) VALUES(39,0, 0,0,0, 0, 2,19);
INSERT INTO vwaps (id, version, bid_price, bid_amount, offer_price,offer_amount, instrument_id, market_id) VALUES(40,0, 0,0,0, 0, 2,20);
INSERT INTO vwaps (id, version, bid_price, bid_amount, offer_price,offer_amount, instrument_id, market_id) VALUES(41,0, 0,0,0, 0, 3,1);
INSERT INTO vwaps (id, version, bid_price, bid_amount, offer_price,offer_amount, instrument_id, market_id) VALUES(42,0, 0,0,0, 0, 3,2);
INSERT INTO vwaps (id, version, bid_price, bid_amount, offer_price,offer_amount, instrument_id, market_id) VALUES(43,0, 0,0,0, 0, 3,3);
INSERT INTO vwaps (id, version, bid_price, bid_amount, offer_price,offer_amount, instrument_id, market_id) VALUES(44,0, 0,0,0, 0, 3,4);
INSERT INTO vwaps (id, version, bid_price, bid_amount, offer_price,offer_amount, instrument_id, market_id) VALUES(45,0, 0,0,0, 0, 3,5);
INSERT INTO vwaps (id, version, bid_price, bid_amount, offer_price,offer_amount, instrument_id, market_id) VALUES(46,0, 0,0,0, 0, 3,6);
INSERT INTO vwaps (id, version, bid_price, bid_amount, offer_price,offer_amount, instrument_id, market_id) VALUES(47,0, 0,0,0, 0, 3,7);
INSERT INTO vwaps (id, version, bid_price, bid_amount, offer_price,offer_amount, instrument_id, market_id) VALUES(48,0, 0,0,0, 0, 3,8);
INSERT INTO vwaps (id, version, bid_price, bid_amount, offer_price,offer_amount, instrument_id, market_id) VALUES(49,0, 0,0,0, 0, 3,9);
INSERT INTO vwaps (id, version, bid_price, bid_amount, offer_price,offer_amount, instrument_id, market_id) VALUES(50,0, 0,0,0, 0, 3,10);
INSERT INTO vwaps (id, version, bid_price, bid_amount, offer_price,offer_amount, instrument_id, market_id) VALUES(51,0, 0,0,0, 0, 3,11);
INSERT INTO vwaps (id, version, bid_price, bid_amount, offer_price,offer_amount, instrument_id, market_id) VALUES(52,0, 0,0,0, 0, 3,12);
INSERT INTO vwaps (id, version, bid_price, bid_amount, offer_price,offer_amount, instrument_id, market_id) VALUES(53,0, 0,0,0, 0, 3,13);
INSERT INTO vwaps (id, version, bid_price, bid_amount, offer_price,offer_amount, instrument_id, market_id) VALUES(54,0, 0,0,0, 0, 3,14);
INSERT INTO vwaps (id, version, bid_price, bid_amount, offer_price,offer_amount, instrument_id, market_id) VALUES(55,0, 0,0,0, 0, 3,15);
INSERT INTO vwaps (id, version, bid_price, bid_amount, offer_price,offer_amount, instrument_id, market_id) VALUES(56,0, 0,0,0, 0, 3,16);
INSERT INTO vwaps (id, version, bid_price, bid_amount, offer_price,offer_amount, instrument_id, market_id) VALUES(57,0, 0,0,0, 0, 3,17);
INSERT INTO vwaps (id, version, bid_price, bid_amount, offer_price,offer_amount, instrument_id, market_id) VALUES(58,0, 0,0,0, 0, 3,18);
INSERT INTO vwaps (id, version, bid_price, bid_amount, offer_price,offer_amount, instrument_id, market_id) VALUES(59,0, 0,0,0, 0, 3,19);
INSERT INTO vwaps (id, version, bid_price, bid_amount, offer_price,offer_amount, instrument_id, market_id) VALUES(60,0, 0,0,0, 0, 3,20);
INSERT INTO vwaps (id, version, bid_price, bid_amount, offer_price,offer_amount, instrument_id, market_id) VALUES(61,0, 0,0,0, 0, 4,1);
INSERT INTO vwaps (id, version, bid_price, bid_amount, offer_price,offer_amount, instrument_id, market_id) VALUES(62,0, 0,0,0, 0, 4,2);
INSERT INTO vwaps (id, version, bid_price, bid_amount, offer_price,offer_amount, instrument_id, market_id) VALUES(63,0, 0,0,0, 0, 4,3);
INSERT INTO vwaps (id, version, bid_price, bid_amount, offer_price,offer_amount, instrument_id, market_id) VALUES(64,0, 0,0,0, 0, 4,4);
INSERT INTO vwaps (id, version, bid_price, bid_amount, offer_price,offer_amount, instrument_id, market_id) VALUES(65,0, 0,0,0, 0, 4,5);
INSERT INTO vwaps (id, version, bid_price, bid_amount, offer_price,offer_amount, instrument_id, market_id) VALUES(66,0, 0,0,0, 0, 4,6);
INSERT INTO vwaps (id, version, bid_price, bid_amount, offer_price,offer_amount, instrument_id, market_id) VALUES(67,0, 0,0,0, 0, 4,7);
INSERT INTO vwaps (id, version, bid_price, bid_amount, offer_price,offer_amount, instrument_id, market_id) VALUES(68,0, 0,0,0, 0, 4,8);
INSERT INTO vwaps (id, version, bid_price, bid_amount, offer_price,offer_amount, instrument_id, market_id) VALUES(69,0, 0,0,0, 0, 4,9);
INSERT INTO vwaps (id, version, bid_price, bid_amount, offer_price,offer_amount, instrument_id, market_id) VALUES(70,0, 0,0,0, 0, 4,10);
INSERT INTO vwaps (id, version, bid_price, bid_amount, offer_price,offer_amount, instrument_id, market_id) VALUES(71,0, 0,0,0, 0, 4,11);
INSERT INTO vwaps (id, version, bid_price, bid_amount, offer_price,offer_amount, instrument_id, market_id) VALUES(72,0, 0,0,0, 0, 4,12);
INSERT INTO vwaps (id, version, bid_price, bid_amount, offer_price,offer_amount, instrument_id, market_id) VALUES(73,0, 0,0,0, 0, 4,13);
INSERT INTO vwaps (id, version, bid_price, bid_amount, offer_price,offer_amount, instrument_id, market_id) VALUES(74,0, 0,0,0, 0, 4,14);
INSERT INTO vwaps (id, version, bid_price, bid_amount, offer_price,offer_amount, instrument_id, market_id) VALUES(75,0, 0,0,0, 0, 4,15);
INSERT INTO vwaps (id, version, bid_price, bid_amount, offer_price,offer_amount, instrument_id, market_id) VALUES(76,0, 0,0,0, 0, 4,16);
INSERT INTO vwaps (id, version, bid_price, bid_amount, offer_price,offer_amount, instrument_id, market_id) VALUES(77,0, 0,0,0, 0, 4,17);
INSERT INTO vwaps (id, version, bid_price, bid_amount, offer_price,offer_amount, instrument_id, market_id) VALUES(78,0, 0,0,0, 0, 4,18);
INSERT INTO vwaps (id, version, bid_price, bid_amount, offer_price,offer_amount, instrument_id, market_id) VALUES(79,0, 0,0,0, 0, 4,19);
INSERT INTO vwaps (id, version, bid_price, bid_amount, offer_price,offer_amount, instrument_id, market_id) VALUES(80,0, 0,0,0, 0, 4,20);
INSERT INTO vwaps (id, version, bid_price, bid_amount, offer_price,offer_amount, instrument_id, market_id) VALUES(81,0, 0,0,0, 0, 5,1);
INSERT INTO vwaps (id, version, bid_price, bid_amount, offer_price,offer_amount, instrument_id, market_id) VALUES(82,0, 0,0,0, 0, 5,2);
INSERT INTO vwaps (id, version, bid_price, bid_amount, offer_price,offer_amount, instrument_id, market_id) VALUES(83,0, 0,0,0, 0, 5,3);
INSERT INTO vwaps (id, version, bid_price, bid_amount, offer_price,offer_amount, instrument_id, market_id) VALUES(84,0, 0,0,0, 0, 5,4);
INSERT INTO vwaps (id, version, bid_price, bid_amount, offer_price,offer_amount, instrument_id, market_id) VALUES(85,0, 0,0,0, 0, 5,5);
INSERT INTO vwaps (id, version, bid_price, bid_amount, offer_price,offer_amount, instrument_id, market_id) VALUES(86,0, 0,0,0, 0, 5,6);
INSERT INTO vwaps (id, version, bid_price, bid_amount, offer_price,offer_amount, instrument_id, market_id) VALUES(87,0, 0,0,0, 0, 5,7);
INSERT INTO vwaps (id, version, bid_price, bid_amount, offer_price,offer_amount, instrument_id, market_id) VALUES(88,0, 0,0,0, 0, 5,8);
INSERT INTO vwaps (id, version, bid_price, bid_amount, offer_price,offer_amount, instrument_id, market_id) VALUES(89,0, 0,0,0, 0, 5,9);
INSERT INTO vwaps (id, version, bid_price, bid_amount, offer_price,offer_amount, instrument_id, market_id) VALUES(90,0, 0,0,0, 0, 5,10);
INSERT INTO vwaps (id, version, bid_price, bid_amount, offer_price,offer_amount, instrument_id, market_id) VALUES(91,0, 0,0,0, 0, 5,11);
INSERT INTO vwaps (id, version, bid_price, bid_amount, offer_price,offer_amount, instrument_id, market_id) VALUES(92,0, 0,0,0, 0, 5,12);
INSERT INTO vwaps (id, version, bid_price, bid_amount, offer_price,offer_amount, instrument_id, market_id) VALUES(93,0, 0,0,0, 0, 5,13);
INSERT INTO vwaps (id, version, bid_price, bid_amount, offer_price,offer_amount, instrument_id, market_id) VALUES(94,0, 0,0,0, 0, 5,14);
INSERT INTO vwaps (id, version, bid_price, bid_amount, offer_price,offer_amount, instrument_id, market_id) VALUES(95,0, 0,0,0, 0, 5,15);
INSERT INTO vwaps (id, version, bid_price, bid_amount, offer_price,offer_amount, instrument_id, market_id) VALUES(96,0, 0,0,0, 0, 5,16);
INSERT INTO vwaps (id, version, bid_price, bid_amount, offer_price,offer_amount, instrument_id, market_id) VALUES(97,0, 0,0,0, 0, 5,17);
INSERT INTO vwaps (id, version, bid_price, bid_amount, offer_price,offer_amount, instrument_id, market_id) VALUES(98,0, 0,0,0, 0, 5,18);
INSERT INTO vwaps (id, version, bid_price, bid_amount, offer_price,offer_amount, instrument_id, market_id) VALUES(99,0, 0,0,0, 0, 5,19);
INSERT INTO vwaps (id, version, bid_price, bid_amount, offer_price,offer_amount, instrument_id, market_id) VALUES(100,0, 0,0,0, 0, 5,20);
INSERT INTO vwaps (id, version, bid_price, bid_amount, offer_price,offer_amount, instrument_id, market_id) VALUES(101,0, 0,0,0, 0, 6,1);
INSERT INTO vwaps (id, version, bid_price, bid_amount, offer_price,offer_amount, instrument_id, market_id) VALUES(102,0, 0,0,0, 0, 6,2);
INSERT INTO vwaps (id, version, bid_price, bid_amount, offer_price,offer_amount, instrument_id, market_id) VALUES(103,0, 0,0,0, 0, 6,3);
INSERT INTO vwaps (id, version, bid_price, bid_amount, offer_price,offer_amount, instrument_id, market_id) VALUES(104,0, 0,0,0, 0, 6,4);
INSERT INTO vwaps (id, version, bid_price, bid_amount, offer_price,offer_amount, instrument_id, market_id) VALUES(105,0, 0,0,0, 0, 6,5);
INSERT INTO vwaps (id, version, bid_price, bid_amount, offer_price,offer_amount, instrument_id, market_id) VALUES(106,0, 0,0,0, 0, 6,6);
INSERT INTO vwaps (id, version, bid_price, bid_amount, offer_price,offer_amount, instrument_id, market_id) VALUES(107,0, 0,0,0, 0, 6,7);
INSERT INTO vwaps (id, version, bid_price, bid_amount, offer_price,offer_amount, instrument_id, market_id) VALUES(108,0, 0,0,0, 0, 6,8);
INSERT INTO vwaps (id, version, bid_price, bid_amount, offer_price,offer_amount, instrument_id, market_id) VALUES(109,0, 0,0,0, 0, 6,9);
INSERT INTO vwaps (id, version, bid_price, bid_amount, offer_price,offer_amount, instrument_id, market_id) VALUES(110,0, 0,0,0, 0, 6,10);
INSERT INTO vwaps (id, version, bid_price, bid_amount, offer_price,offer_amount, instrument_id, market_id) VALUES(111,0, 0,0,0, 0, 6,11);
INSERT INTO vwaps (id, version, bid_price, bid_amount, offer_price,offer_amount, instrument_id, market_id) VALUES(112,0, 0,0,0, 0, 6,12);
INSERT INTO vwaps (id, version, bid_price, bid_amount, offer_price,offer_amount, instrument_id, market_id) VALUES(113,0, 0,0,0, 0, 6,13);
INSERT INTO vwaps (id, version, bid_price, bid_amount, offer_price,offer_amount, instrument_id, market_id) VALUES(114,0, 0,0,0, 0, 6,14);
INSERT INTO vwaps (id, version, bid_price, bid_amount, offer_price,offer_amount, instrument_id, market_id) VALUES(115,0, 0,0,0, 0, 6,15);
INSERT INTO vwaps (id, version, bid_price, bid_amount, offer_price,offer_amount, instrument_id, market_id) VALUES(116,0, 0,0,0, 0, 6,16);
INSERT INTO vwaps (id, version, bid_price, bid_amount, offer_price,offer_amount, instrument_id, market_id) VALUES(117,0, 0,0,0, 0, 6,17);
INSERT INTO vwaps (id, version, bid_price, bid_amount, offer_price,offer_amount, instrument_id, market_id) VALUES(118,0, 0,0,0, 0, 6,18);
INSERT INTO vwaps (id, version, bid_price, bid_amount, offer_price,offer_amount, instrument_id, market_id) VALUES(119,0, 0,0,0, 0, 6,19);
INSERT INTO vwaps (id, version, bid_price, bid_amount, offer_price,offer_amount, instrument_id, market_id) VALUES(120,0, 0,0,0, 0, 6,20);
INSERT INTO vwaps (id, version, bid_price, bid_amount, offer_price,offer_amount, instrument_id, market_id) VALUES(121,0, 0,0,0, 0, 7,1);
INSERT INTO vwaps (id, version, bid_price, bid_amount, offer_price,offer_amount, instrument_id, market_id) VALUES(122,0, 0,0,0, 0, 7,2);
INSERT INTO vwaps (id, version, bid_price, bid_amount, offer_price,offer_amount, instrument_id, market_id) VALUES(123,0, 0,0,0, 0, 7,3);
INSERT INTO vwaps (id, version, bid_price, bid_amount, offer_price,offer_amount, instrument_id, market_id) VALUES(124,0, 0,0,0, 0, 7,4);
INSERT INTO vwaps (id, version, bid_price, bid_amount, offer_price,offer_amount, instrument_id, market_id) VALUES(125,0, 0,0,0, 0, 7,5);
INSERT INTO vwaps (id, version, bid_price, bid_amount, offer_price,offer_amount, instrument_id, market_id) VALUES(126,0, 0,0,0, 0, 7,6);
INSERT INTO vwaps (id, version, bid_price, bid_amount, offer_price,offer_amount, instrument_id, market_id) VALUES(127,0, 0,0,0, 0, 7,7);
INSERT INTO vwaps (id, version, bid_price, bid_amount, offer_price,offer_amount, instrument_id, market_id) VALUES(128,0, 0,0,0, 0, 7,8);
INSERT INTO vwaps (id, version, bid_price, bid_amount, offer_price,offer_amount, instrument_id, market_id) VALUES(129,0, 0,0,0, 0, 7,9);
INSERT INTO vwaps (id, version, bid_price, bid_amount, offer_price,offer_amount, instrument_id, market_id) VALUES(130,0, 0,0,0, 0, 7,10);
INSERT INTO vwaps (id, version, bid_price, bid_amount, offer_price,offer_amount, instrument_id, market_id) VALUES(131,0, 0,0,0, 0, 7,11);
INSERT INTO vwaps (id, version, bid_price, bid_amount, offer_price,offer_amount, instrument_id, market_id) VALUES(132,0, 0,0,0, 0, 7,12);
INSERT INTO vwaps (id, version, bid_price, bid_amount, offer_price,offer_amount, instrument_id, market_id) VALUES(133,0, 0,0,0, 0, 7,13);
INSERT INTO vwaps (id, version, bid_price, bid_amount, offer_price,offer_amount, instrument_id, market_id) VALUES(134,0, 0,0,0, 0, 7,14);
INSERT INTO vwaps (id, version, bid_price, bid_amount, offer_price,offer_amount, instrument_id, market_id) VALUES(135,0, 0,0,0, 0, 7,15);
INSERT INTO vwaps (id, version, bid_price, bid_amount, offer_price,offer_amount, instrument_id, market_id) VALUES(136,0, 0,0,0, 0, 7,16);
INSERT INTO vwaps (id, version, bid_price, bid_amount, offer_price,offer_amount, instrument_id, market_id) VALUES(137,0, 0,0,0, 0, 7,17);
INSERT INTO vwaps (id, version, bid_price, bid_amount, offer_price,offer_amount, instrument_id, market_id) VALUES(138,0, 0,0,0, 0, 7,18);
INSERT INTO vwaps (id, version, bid_price, bid_amount, offer_price,offer_amount, instrument_id, market_id) VALUES(139,0, 0,0,0, 0, 7,19);
INSERT INTO vwaps (id, version, bid_price, bid_amount, offer_price,offer_amount, instrument_id, market_id) VALUES(140,0, 0,0,0, 0, 7,20);
INSERT INTO vwaps (id, version, bid_price, bid_amount, offer_price,offer_amount, instrument_id, market_id) VALUES(141,0, 0,0,0, 0, 8,1);
INSERT INTO vwaps (id, version, bid_price, bid_amount, offer_price,offer_amount, instrument_id, market_id) VALUES(142,0, 0,0,0, 0, 8,2);
INSERT INTO vwaps (id, version, bid_price, bid_amount, offer_price,offer_amount, instrument_id, market_id) VALUES(143,0, 0,0,0, 0, 8,3);
INSERT INTO vwaps (id, version, bid_price, bid_amount, offer_price,offer_amount, instrument_id, market_id) VALUES(144,0, 0,0,0, 0, 8,4);
INSERT INTO vwaps (id, version, bid_price, bid_amount, offer_price,offer_amount, instrument_id, market_id) VALUES(145,0, 0,0,0, 0, 8,5);
INSERT INTO vwaps (id, version, bid_price, bid_amount, offer_price,offer_amount, instrument_id, market_id) VALUES(146,0, 0,0,0, 0, 8,6);
INSERT INTO vwaps (id, version, bid_price, bid_amount, offer_price,offer_amount, instrument_id, market_id) VALUES(147,0, 0,0,0, 0, 8,7);
INSERT INTO vwaps (id, version, bid_price, bid_amount, offer_price,offer_amount, instrument_id, market_id) VALUES(148,0, 0,0,0, 0, 8,8);
INSERT INTO vwaps (id, version, bid_price, bid_amount, offer_price,offer_amount, instrument_id, market_id) VALUES(149,0, 0,0,0, 0, 8,9);
INSERT INTO vwaps (id, version, bid_price, bid_amount, offer_price,offer_amount, instrument_id, market_id) VALUES(150,0, 0,0,0, 0, 8,10);
INSERT INTO vwaps (id, version, bid_price, bid_amount, offer_price,offer_amount, instrument_id, market_id) VALUES(151,0, 0,0,0, 0, 8,11);
INSERT INTO vwaps (id, version, bid_price, bid_amount, offer_price,offer_amount, instrument_id, market_id) VALUES(152,0, 0,0,0, 0, 8,12);
INSERT INTO vwaps (id, version, bid_price, bid_amount, offer_price,offer_amount, instrument_id, market_id) VALUES(153,0, 0,0,0, 0, 8,13);
INSERT INTO vwaps (id, version, bid_price, bid_amount, offer_price,offer_amount, instrument_id, market_id) VALUES(154,0, 0,0,0, 0, 8,14);
INSERT INTO vwaps (id, version, bid_price, bid_amount, offer_price,offer_amount, instrument_id, market_id) VALUES(155,0, 0,0,0, 0, 8,15);
INSERT INTO vwaps (id, version, bid_price, bid_amount, offer_price,offer_amount, instrument_id, market_id) VALUES(156,0, 0,0,0, 0, 8,16);
INSERT INTO vwaps (id, version, bid_price, bid_amount, offer_price,offer_amount, instrument_id, market_id) VALUES(157,0, 0,0,0, 0, 8,17);
INSERT INTO vwaps (id, version, bid_price, bid_amount, offer_price,offer_amount, instrument_id, market_id) VALUES(158,0, 0,0,0, 0, 8,18);
INSERT INTO vwaps (id, version, bid_price, bid_amount, offer_price,offer_amount, instrument_id, market_id) VALUES(159,0, 0,0,0, 0, 8,19);
INSERT INTO vwaps (id, version, bid_price, bid_amount, offer_price,offer_amount, instrument_id, market_id) VALUES(160,0, 0,0,0, 0, 8,20);
INSERT INTO vwaps (id, version, bid_price, bid_amount, offer_price,offer_amount, instrument_id, market_id) VALUES(161,0, 0,0,0, 0, 9,1);
INSERT INTO vwaps (id, version, bid_price, bid_amount, offer_price,offer_amount, instrument_id, market_id) VALUES(162,0, 0,0,0, 0, 9,2);
INSERT INTO vwaps (id, version, bid_price, bid_amount, offer_price,offer_amount, instrument_id, market_id) VALUES(163,0, 0,0,0, 0, 9,3);
INSERT INTO vwaps (id, version, bid_price, bid_amount, offer_price,offer_amount, instrument_id, market_id) VALUES(164,0, 0,0,0, 0, 9,4);
INSERT INTO vwaps (id, version, bid_price, bid_amount, offer_price,offer_amount, instrument_id, market_id) VALUES(165,0, 0,0,0, 0, 9,5);
INSERT INTO vwaps (id, version, bid_price, bid_amount, offer_price,offer_amount, instrument_id, market_id) VALUES(166,0, 0,0,0, 0, 9,6);
INSERT INTO vwaps (id, version, bid_price, bid_amount, offer_price,offer_amount, instrument_id, market_id) VALUES(167,0, 0,0,0, 0, 9,7);
INSERT INTO vwaps (id, version, bid_price, bid_amount, offer_price,offer_amount, instrument_id, market_id) VALUES(168,0, 0,0,0, 0, 9,8);
INSERT INTO vwaps (id, version, bid_price, bid_amount, offer_price,offer_amount, instrument_id, market_id) VALUES(169,0, 0,0,0, 0, 9,9);
INSERT INTO vwaps (id, version, bid_price, bid_amount, offer_price,offer_amount, instrument_id, market_id) VALUES(170,0, 0,0,0, 0, 9,10);
INSERT INTO vwaps (id, version, bid_price, bid_amount, offer_price,offer_amount, instrument_id, market_id) VALUES(171,0, 0,0,0, 0, 9,11);
INSERT INTO vwaps (id, version, bid_price, bid_amount, offer_price,offer_amount, instrument_id, market_id) VALUES(172,0, 0,0,0, 0, 9,12);
INSERT INTO vwaps (id, version, bid_price, bid_amount, offer_price,offer_amount, instrument_id, market_id) VALUES(173,0, 0,0,0, 0, 9,13);
INSERT INTO vwaps (id, version, bid_price, bid_amount, offer_price,offer_amount, instrument_id, market_id) VALUES(174,0, 0,0,0, 0, 9,14);
INSERT INTO vwaps (id, version, bid_price, bid_amount, offer_price,offer_amount, instrument_id, market_id) VALUES(175,0, 0,0,0, 0, 9,15);
INSERT INTO vwaps (id, version, bid_price, bid_amount, offer_price,offer_amount, instrument_id, market_id) VALUES(176,0, 0,0,0, 0, 9,16);
INSERT INTO vwaps (id, version, bid_price, bid_amount, offer_price,offer_amount, instrument_id, market_id) VALUES(177,0, 0,0,0, 0, 9,17);
INSERT INTO vwaps (id, version, bid_price, bid_amount, offer_price,offer_amount, instrument_id, market_id) VALUES(178,0, 0,0,0, 0, 9,18);
INSERT INTO vwaps (id, version, bid_price, bid_amount, offer_price,offer_amount, instrument_id, market_id) VALUES(179,0, 0,0,0, 0, 9,19);
INSERT INTO vwaps (id, version, bid_price, bid_amount, offer_price,offer_amount, instrument_id, market_id) VALUES(180,0, 0,0,0, 0, 9,20);
INSERT INTO vwaps (id, version, bid_price, bid_amount, offer_price,offer_amount, instrument_id, market_id) VALUES(181,0, 0,0,0, 0, 10,1);
INSERT INTO vwaps (id, version, bid_price, bid_amount, offer_price,offer_amount, instrument_id, market_id) VALUES(182,0, 0,0,0, 0, 10,2);
INSERT INTO vwaps (id, version, bid_price, bid_amount, offer_price,offer_amount, instrument_id, market_id) VALUES(183,0, 0,0,0, 0, 10,3);
INSERT INTO vwaps (id, version, bid_price, bid_amount, offer_price,offer_amount, instrument_id, market_id) VALUES(184,0, 0,0,0, 0, 10,4);
INSERT INTO vwaps (id, version, bid_price, bid_amount, offer_price,offer_amount, instrument_id, market_id) VALUES(185,0, 0,0,0, 0, 10,5);
INSERT INTO vwaps (id, version, bid_price, bid_amount, offer_price,offer_amount, instrument_id, market_id) VALUES(186,0, 0,0,0, 0, 10,6);
INSERT INTO vwaps (id, version, bid_price, bid_amount, offer_price,offer_amount, instrument_id, market_id) VALUES(187,0, 0,0,0, 0, 10,7);
INSERT INTO vwaps (id, version, bid_price, bid_amount, offer_price,offer_amount, instrument_id, market_id) VALUES(188,0, 0,0,0, 0, 10,8);
INSERT INTO vwaps (id, version, bid_price, bid_amount, offer_price,offer_amount, instrument_id, market_id) VALUES(189,0, 0,0,0, 0, 10,9);
INSERT INTO vwaps (id, version, bid_price, bid_amount, offer_price,offer_amount, instrument_id, market_id) VALUES(190,0, 0,0,0, 0, 10,10);
INSERT INTO vwaps (id, version, bid_price, bid_amount, offer_price,offer_amount, instrument_id, market_id) VALUES(191,0, 0,0,0, 0, 10,11);
INSERT INTO vwaps (id, version, bid_price, bid_amount, offer_price,offer_amount, instrument_id, market_id) VALUES(192,0, 0,0,0, 0, 10,12);
INSERT INTO vwaps (id, version, bid_price, bid_amount, offer_price,offer_amount, instrument_id, market_id) VALUES(193,0, 0,0,0, 0, 10,13);
INSERT INTO vwaps (id, version, bid_price, bid_amount, offer_price,offer_amount, instrument_id, market_id) VALUES(194,0, 0,0,0, 0, 10,14);
INSERT INTO vwaps (id, version, bid_price, bid_amount, offer_price,offer_amount, instrument_id, market_id) VALUES(195,0, 0,0,0, 0, 10,15);
INSERT INTO vwaps (id, version, bid_price, bid_amount, offer_price,offer_amount, instrument_id, market_id) VALUES(196,0, 0,0,0, 0, 10,16);
INSERT INTO vwaps (id, version, bid_price, bid_amount, offer_price,offer_amount, instrument_id, market_id) VALUES(197,0, 0,0,0, 0, 10,17);
INSERT INTO vwaps (id, version, bid_price, bid_amount, offer_price,offer_amount, instrument_id, market_id) VALUES(198,0, 0,0,0, 0, 10,18);
INSERT INTO vwaps (id, version, bid_price, bid_amount, offer_price,offer_amount, instrument_id, market_id) VALUES(199,0, 0,0,0, 0, 10,19);
INSERT INTO vwaps (id, version, bid_price, bid_amount, offer_price,offer_amount, instrument_id, market_id) VALUES(200,0, 0,0,0, 0, 10,20);
INSERT INTO vwaps (id, version, bid_price, bid_amount, offer_price,offer_amount, instrument_id, market_id) VALUES(201,0, 0,0,0, 0, 11,1);
INSERT INTO vwaps (id, version, bid_price, bid_amount, offer_price,offer_amount, instrument_id, market_id) VALUES(202,0, 0,0,0, 0, 11,2);
INSERT INTO vwaps (id, version, bid_price, bid_amount, offer_price,offer_amount, instrument_id, market_id) VALUES(203,0, 0,0,0, 0, 11,3);
INSERT INTO vwaps (id, version, bid_price, bid_amount, offer_price,offer_amount, instrument_id, market_id) VALUES(204,0, 0,0,0, 0, 11,4);
INSERT INTO vwaps (id, version, bid_price, bid_amount, offer_price,offer_amount, instrument_id, market_id) VALUES(205,0, 0,0,0, 0, 11,5);
INSERT INTO vwaps (id, version, bid_price, bid_amount, offer_price,offer_amount, instrument_id, market_id) VALUES(206,0, 0,0,0, 0, 11,6);
INSERT INTO vwaps (id, version, bid_price, bid_amount, offer_price,offer_amount, instrument_id, market_id) VALUES(207,0, 0,0,0, 0, 11,7);
INSERT INTO vwaps (id, version, bid_price, bid_amount, offer_price,offer_amount, instrument_id, market_id) VALUES(208,0, 0,0,0, 0, 11,8);
INSERT INTO vwaps (id, version, bid_price, bid_amount, offer_price,offer_amount, instrument_id, market_id) VALUES(209,0, 0,0,0, 0, 11,9);
INSERT INTO vwaps (id, version, bid_price, bid_amount, offer_price,offer_amount, instrument_id, market_id) VALUES(210,0, 0,0,0, 0, 11,10);
INSERT INTO vwaps (id, version, bid_price, bid_amount, offer_price,offer_amount, instrument_id, market_id) VALUES(211,0, 0,0,0, 0, 11,11);
INSERT INTO vwaps (id, version, bid_price, bid_amount, offer_price,offer_amount, instrument_id, market_id) VALUES(212,0, 0,0,0, 0, 11,12);
INSERT INTO vwaps (id, version, bid_price, bid_amount, offer_price,offer_amount, instrument_id, market_id) VALUES(213,0, 0,0,0, 0, 11,13);
INSERT INTO vwaps (id, version, bid_price, bid_amount, offer_price,offer_amount, instrument_id, market_id) VALUES(214,0, 0,0,0, 0, 11,14);
INSERT INTO vwaps (id, version, bid_price, bid_amount, offer_price,offer_amount, instrument_id, market_id) VALUES(215,0, 0,0,0, 0, 11,15);
INSERT INTO vwaps (id, version, bid_price, bid_amount, offer_price,offer_amount, instrument_id, market_id) VALUES(216,0, 0,0,0, 0, 11,16);
INSERT INTO vwaps (id, version, bid_price, bid_amount, offer_price,offer_amount, instrument_id, market_id) VALUES(217,0, 0,0,0, 0, 11,17);
INSERT INTO vwaps (id, version, bid_price, bid_amount, offer_price,offer_amount, instrument_id, market_id) VALUES(218,0, 0,0,0, 0, 11,18);
INSERT INTO vwaps (id, version, bid_price, bid_amount, offer_price,offer_amount, instrument_id, market_id) VALUES(219,0, 0,0,0, 0, 11,19);
INSERT INTO vwaps (id, version, bid_price, bid_amount, offer_price,offer_amount, instrument_id, market_id) VALUES(220,0, 0,0,0, 0, 11,20);
INSERT INTO vwaps (id, version, bid_price, bid_amount, offer_price,offer_amount, instrument_id, market_id) VALUES(221,0, 0,0,0, 0, 12,1);
INSERT INTO vwaps (id, version, bid_price, bid_amount, offer_price,offer_amount, instrument_id, market_id) VALUES(222,0, 0,0,0, 0, 12,2);
INSERT INTO vwaps (id, version, bid_price, bid_amount, offer_price,offer_amount, instrument_id, market_id) VALUES(223,0, 0,0,0, 0, 12,3);
INSERT INTO vwaps (id, version, bid_price, bid_amount, offer_price,offer_amount, instrument_id, market_id) VALUES(224,0, 0,0,0, 0, 12,4);
INSERT INTO vwaps (id, version, bid_price, bid_amount, offer_price,offer_amount, instrument_id, market_id) VALUES(225,0, 0,0,0, 0, 12,5);
INSERT INTO vwaps (id, version, bid_price, bid_amount, offer_price,offer_amount, instrument_id, market_id) VALUES(226,0, 0,0,0, 0, 12,6);
INSERT INTO vwaps (id, version, bid_price, bid_amount, offer_price,offer_amount, instrument_id, market_id) VALUES(227,0, 0,0,0, 0, 12,7);
INSERT INTO vwaps (id, version, bid_price, bid_amount, offer_price,offer_amount, instrument_id, market_id) VALUES(228,0, 0,0,0, 0, 12,8);
INSERT INTO vwaps (id, version, bid_price, bid_amount, offer_price,offer_amount, instrument_id, market_id) VALUES(229,0, 0,0,0, 0, 12,9);
INSERT INTO vwaps (id, version, bid_price, bid_amount, offer_price,offer_amount, instrument_id, market_id) VALUES(230,0, 0,0,0, 0, 12,10);
INSERT INTO vwaps (id, version, bid_price, bid_amount, offer_price,offer_amount, instrument_id, market_id) VALUES(231,0, 0,0,0, 0, 12,11);
INSERT INTO vwaps (id, version, bid_price, bid_amount, offer_price,offer_amount, instrument_id, market_id) VALUES(232,0, 0,0,0, 0, 12,12);
INSERT INTO vwaps (id, version, bid_price, bid_amount, offer_price,offer_amount, instrument_id, market_id) VALUES(233,0, 0,0,0, 0, 12,13);
INSERT INTO vwaps (id, version, bid_price, bid_amount, offer_price,offer_amount, instrument_id, market_id) VALUES(234,0, 0,0,0, 0, 12,14);
INSERT INTO vwaps (id, version, bid_price, bid_amount, offer_price,offer_amount, instrument_id, market_id) VALUES(235,0, 0,0,0, 0, 12,15);
INSERT INTO vwaps (id, version, bid_price, bid_amount, offer_price,offer_amount, instrument_id, market_id) VALUES(236,0, 0,0,0, 0, 12,16);
INSERT INTO vwaps (id, version, bid_price, bid_amount, offer_price,offer_amount, instrument_id, market_id) VALUES(237,0, 0,0,0, 0, 12,17);
INSERT INTO vwaps (id, version, bid_price, bid_amount, offer_price,offer_amount, instrument_id, market_id) VALUES(238,0, 0,0,0, 0, 12,18);
INSERT INTO vwaps (id, version, bid_price, bid_amount, offer_price,offer_amount, instrument_id, market_id) VALUES(239,0, 0,0,0, 0, 12,19);
INSERT INTO vwaps (id, version, bid_price, bid_amount, offer_price,offer_amount, instrument_id, market_id) VALUES(240,0, 0,0,0, 0, 12,20);
INSERT INTO vwaps (id, version, bid_price, bid_amount, offer_price,offer_amount, instrument_id, market_id) VALUES(241,0, 0,0,0, 0, 13,1);
INSERT INTO vwaps (id, version, bid_price, bid_amount, offer_price,offer_amount, instrument_id, market_id) VALUES(242,0, 0,0,0, 0, 13,2);
INSERT INTO vwaps (id, version, bid_price, bid_amount, offer_price,offer_amount, instrument_id, market_id) VALUES(243,0, 0,0,0, 0, 13,3);
INSERT INTO vwaps (id, version, bid_price, bid_amount, offer_price,offer_amount, instrument_id, market_id) VALUES(244,0, 0,0,0, 0, 13,4);
INSERT INTO vwaps (id, version, bid_price, bid_amount, offer_price,offer_amount, instrument_id, market_id) VALUES(245,0, 0,0,0, 0, 13,5);
INSERT INTO vwaps (id, version, bid_price, bid_amount, offer_price,offer_amount, instrument_id, market_id) VALUES(246,0, 0,0,0, 0, 13,6);
INSERT INTO vwaps (id, version, bid_price, bid_amount, offer_price,offer_amount, instrument_id, market_id) VALUES(247,0, 0,0,0, 0, 13,7);
INSERT INTO vwaps (id, version, bid_price, bid_amount, offer_price,offer_amount, instrument_id, market_id) VALUES(248,0, 0,0,0, 0, 13,8);
INSERT INTO vwaps (id, version, bid_price, bid_amount, offer_price,offer_amount, instrument_id, market_id) VALUES(249,0, 0,0,0, 0, 13,9);
INSERT INTO vwaps (id, version, bid_price, bid_amount, offer_price,offer_amount, instrument_id, market_id) VALUES(250,0, 0,0,0, 0, 13,10);
INSERT INTO vwaps (id, version, bid_price, bid_amount, offer_price,offer_amount, instrument_id, market_id) VALUES(251,0, 0,0,0, 0, 13,11);
INSERT INTO vwaps (id, version, bid_price, bid_amount, offer_price,offer_amount, instrument_id, market_id) VALUES(252,0, 0,0,0, 0, 13,12);
INSERT INTO vwaps (id, version, bid_price, bid_amount, offer_price,offer_amount, instrument_id, market_id) VALUES(253,0, 0,0,0, 0, 13,13);
INSERT INTO vwaps (id, version, bid_price, bid_amount, offer_price,offer_amount, instrument_id, market_id) VALUES(254,0, 0,0,0, 0, 13,14);
INSERT INTO vwaps (id, version, bid_price, bid_amount, offer_price,offer_amount, instrument_id, market_id) VALUES(255,0, 0,0,0, 0, 13,15);
INSERT INTO vwaps (id, version, bid_price, bid_amount, offer_price,offer_amount, instrument_id, market_id) VALUES(256,0, 0,0,0, 0, 13,16);
INSERT INTO vwaps (id, version, bid_price, bid_amount, offer_price,offer_amount, instrument_id, market_id) VALUES(257,0, 0,0,0, 0, 13,17);
INSERT INTO vwaps (id, version, bid_price, bid_amount, offer_price,offer_amount, instrument_id, market_id) VALUES(258,0, 0,0,0, 0, 13,18);
INSERT INTO vwaps (id, version, bid_price, bid_amount, offer_price,offer_amount, instrument_id, market_id) VALUES(259,0, 0,0,0, 0, 13,19);
INSERT INTO vwaps (id, version, bid_price, bid_amount, offer_price,offer_amount, instrument_id, market_id) VALUES(260,0, 0,0,0, 0, 13,20);
INSERT INTO vwaps (id, version, bid_price, bid_amount, offer_price,offer_amount, instrument_id, market_id) VALUES(261,0, 0,0,0, 0, 14,1);
INSERT INTO vwaps (id, version, bid_price, bid_amount, offer_price,offer_amount, instrument_id, market_id) VALUES(262,0, 0,0,0, 0, 14,2);
INSERT INTO vwaps (id, version, bid_price, bid_amount, offer_price,offer_amount, instrument_id, market_id) VALUES(263,0, 0,0,0, 0, 14,3);
INSERT INTO vwaps (id, version, bid_price, bid_amount, offer_price,offer_amount, instrument_id, market_id) VALUES(264,0, 0,0,0, 0, 14,4);
INSERT INTO vwaps (id, version, bid_price, bid_amount, offer_price,offer_amount, instrument_id, market_id) VALUES(265,0, 0,0,0, 0, 14,5);
INSERT INTO vwaps (id, version, bid_price, bid_amount, offer_price,offer_amount, instrument_id, market_id) VALUES(266,0, 0,0,0, 0, 14,6);
INSERT INTO vwaps (id, version, bid_price, bid_amount, offer_price,offer_amount, instrument_id, market_id) VALUES(267,0, 0,0,0, 0, 14,7);
INSERT INTO vwaps (id, version, bid_price, bid_amount, offer_price,offer_amount, instrument_id, market_id) VALUES(268,0, 0,0,0, 0, 14,8);
INSERT INTO vwaps (id, version, bid_price, bid_amount, offer_price,offer_amount, instrument_id, market_id) VALUES(269,0, 0,0,0, 0, 14,9);
INSERT INTO vwaps (id, version, bid_price, bid_amount, offer_price,offer_amount, instrument_id, market_id) VALUES(270,0, 0,0,0, 0, 14,10);
INSERT INTO vwaps (id, version, bid_price, bid_amount, offer_price,offer_amount, instrument_id, market_id) VALUES(271,0, 0,0,0, 0, 14,11);
INSERT INTO vwaps (id, version, bid_price, bid_amount, offer_price,offer_amount, instrument_id, market_id) VALUES(272,0, 0,0,0, 0, 14,12);
INSERT INTO vwaps (id, version, bid_price, bid_amount, offer_price,offer_amount, instrument_id, market_id) VALUES(273,0, 0,0,0, 0, 14,13);
INSERT INTO vwaps (id, version, bid_price, bid_amount, offer_price,offer_amount, instrument_id, market_id) VALUES(274,0, 0,0,0, 0, 14,14);
INSERT INTO vwaps (id, version, bid_price, bid_amount, offer_price,offer_amount, instrument_id, market_id) VALUES(275,0, 0,0,0, 0, 14,15);
INSERT INTO vwaps (id, version, bid_price, bid_amount, offer_price,offer_amount, instrument_id, market_id) VALUES(276,0, 0,0,0, 0, 14,16);
INSERT INTO vwaps (id, version, bid_price, bid_amount, offer_price,offer_amount, instrument_id, market_id) VALUES(277,0, 0,0,0, 0, 14,17);
INSERT INTO vwaps (id, version, bid_price, bid_amount, offer_price,offer_amount, instrument_id, market_id) VALUES(278,0, 0,0,0, 0, 14,18);
INSERT INTO vwaps (id, version, bid_price, bid_amount, offer_price,offer_amount, instrument_id, market_id) VALUES(279,0, 0,0,0, 0, 14,19);
INSERT INTO vwaps (id, version, bid_price, bid_amount, offer_price,offer_amount, instrument_id, market_id) VALUES(280,0, 0,0,0, 0, 14,20);
INSERT INTO vwaps (id, version, bid_price, bid_amount, offer_price,offer_amount, instrument_id, market_id) VALUES(281,0, 0,0,0, 0, 15,1);
INSERT INTO vwaps (id, version, bid_price, bid_amount, offer_price,offer_amount, instrument_id, market_id) VALUES(282,0, 0,0,0, 0, 15,2);
INSERT INTO vwaps (id, version, bid_price, bid_amount, offer_price,offer_amount, instrument_id, market_id) VALUES(283,0, 0,0,0, 0, 15,3);
INSERT INTO vwaps (id, version, bid_price, bid_amount, offer_price,offer_amount, instrument_id, market_id) VALUES(284,0, 0,0,0, 0, 15,4);
INSERT INTO vwaps (id, version, bid_price, bid_amount, offer_price,offer_amount, instrument_id, market_id) VALUES(285,0, 0,0,0, 0, 15,5);
INSERT INTO vwaps (id, version, bid_price, bid_amount, offer_price,offer_amount, instrument_id, market_id) VALUES(286,0, 0,0,0, 0, 15,6);
INSERT INTO vwaps (id, version, bid_price, bid_amount, offer_price,offer_amount, instrument_id, market_id) VALUES(287,0, 0,0,0, 0, 15,7);
INSERT INTO vwaps (id, version, bid_price, bid_amount, offer_price,offer_amount, instrument_id, market_id) VALUES(288,0, 0,0,0, 0, 15,8);
INSERT INTO vwaps (id, version, bid_price, bid_amount, offer_price,offer_amount, instrument_id, market_id) VALUES(289,0, 0,0,0, 0, 15,9);
INSERT INTO vwaps (id, version, bid_price, bid_amount, offer_price,offer_amount, instrument_id, market_id) VALUES(290,0, 0,0,0, 0, 15,10);
INSERT INTO vwaps (id, version, bid_price, bid_amount, offer_price,offer_amount, instrument_id, market_id) VALUES(291,0, 0,0,0, 0, 15,11);
INSERT INTO vwaps (id, version, bid_price, bid_amount, offer_price,offer_amount, instrument_id, market_id) VALUES(292,0, 0,0,0, 0, 15,12);
INSERT INTO vwaps (id, version, bid_price, bid_amount, offer_price,offer_amount, instrument_id, market_id) VALUES(293,0, 0,0,0, 0, 15,13);
INSERT INTO vwaps (id, version, bid_price, bid_amount, offer_price,offer_amount, instrument_id, market_id) VALUES(294,0, 0,0,0, 0, 15,14);
INSERT INTO vwaps (id, version, bid_price, bid_amount, offer_price,offer_amount, instrument_id, market_id) VALUES(295,0, 0,0,0, 0, 15,15);
INSERT INTO vwaps (id, version, bid_price, bid_amount, offer_price,offer_amount, instrument_id, market_id) VALUES(296,0, 0,0,0, 0, 15,16);
INSERT INTO vwaps (id, version, bid_price, bid_amount, offer_price,offer_amount, instrument_id, market_id) VALUES(297,0, 0,0,0, 0, 15,17);
INSERT INTO vwaps (id, version, bid_price, bid_amount, offer_price,offer_amount, instrument_id, market_id) VALUES(298,0, 0,0,0, 0, 15,18);
INSERT INTO vwaps (id, version, bid_price, bid_amount, offer_price,offer_amount, instrument_id, market_id) VALUES(299,0, 0,0,0, 0, 15,19);
INSERT INTO vwaps (id, version, bid_price, bid_amount, offer_price,offer_amount, instrument_id, market_id) VALUES(300,0, 0,0,0, 0, 15,20);
INSERT INTO vwaps (id, version, bid_price, bid_amount, offer_price,offer_amount, instrument_id, market_id) VALUES(301,0, 0,0,0, 0, 16,1);
INSERT INTO vwaps (id, version, bid_price, bid_amount, offer_price,offer_amount, instrument_id, market_id) VALUES(302,0, 0,0,0, 0, 16,2);
INSERT INTO vwaps (id, version, bid_price, bid_amount, offer_price,offer_amount, instrument_id, market_id) VALUES(303,0, 0,0,0, 0, 16,3);
INSERT INTO vwaps (id, version, bid_price, bid_amount, offer_price,offer_amount, instrument_id, market_id) VALUES(304,0, 0,0,0, 0, 16,4);
INSERT INTO vwaps (id, version, bid_price, bid_amount, offer_price,offer_amount, instrument_id, market_id) VALUES(305,0, 0,0,0, 0, 16,5);
INSERT INTO vwaps (id, version, bid_price, bid_amount, offer_price,offer_amount, instrument_id, market_id) VALUES(306,0, 0,0,0, 0, 16,6);
INSERT INTO vwaps (id, version, bid_price, bid_amount, offer_price,offer_amount, instrument_id, market_id) VALUES(307,0, 0,0,0, 0, 16,7);
INSERT INTO vwaps (id, version, bid_price, bid_amount, offer_price,offer_amount, instrument_id, market_id) VALUES(308,0, 0,0,0, 0, 16,8);
INSERT INTO vwaps (id, version, bid_price, bid_amount, offer_price,offer_amount, instrument_id, market_id) VALUES(309,0, 0,0,0, 0, 16,9);
INSERT INTO vwaps (id, version, bid_price, bid_amount, offer_price,offer_amount, instrument_id, market_id) VALUES(310,0, 0,0,0, 0, 16,10);
INSERT INTO vwaps (id, version, bid_price, bid_amount, offer_price,offer_amount, instrument_id, market_id) VALUES(311,0, 0,0,0, 0, 16,11);
INSERT INTO vwaps (id, version, bid_price, bid_amount, offer_price,offer_amount, instrument_id, market_id) VALUES(312,0, 0,0,0, 0, 16,12);
INSERT INTO vwaps (id, version, bid_price, bid_amount, offer_price,offer_amount, instrument_id, market_id) VALUES(313,0, 0,0,0, 0, 16,13);
INSERT INTO vwaps (id, version, bid_price, bid_amount, offer_price,offer_amount, instrument_id, market_id) VALUES(314,0, 0,0,0, 0, 16,14);
INSERT INTO vwaps (id, version, bid_price, bid_amount, offer_price,offer_amount, instrument_id, market_id) VALUES(315,0, 0,0,0, 0, 16,15);
INSERT INTO vwaps (id, version, bid_price, bid_amount, offer_price,offer_amount, instrument_id, market_id) VALUES(316,0, 0,0,0, 0, 16,16);
INSERT INTO vwaps (id, version, bid_price, bid_amount, offer_price,offer_amount, instrument_id, market_id) VALUES(317,0, 0,0,0, 0, 16,17);
INSERT INTO vwaps (id, version, bid_price, bid_amount, offer_price,offer_amount, instrument_id, market_id) VALUES(318,0, 0,0,0, 0, 16,18);
INSERT INTO vwaps (id, version, bid_price, bid_amount, offer_price,offer_amount, instrument_id, market_id) VALUES(319,0, 0,0,0, 0, 16,19);
INSERT INTO vwaps (id, version, bid_price, bid_amount, offer_price,offer_amount, instrument_id, market_id) VALUES(320,0, 0,0,0, 0, 16,20);
INSERT INTO vwaps (id, version, bid_price, bid_amount, offer_price,offer_amount, instrument_id, market_id) VALUES(321,0, 0,0,0, 0, 17,1);
INSERT INTO vwaps (id, version, bid_price, bid_amount, offer_price,offer_amount, instrument_id, market_id) VALUES(322,0, 0,0,0, 0, 17,2);
INSERT INTO vwaps (id, version, bid_price, bid_amount, offer_price,offer_amount, instrument_id, market_id) VALUES(323,0, 0,0,0, 0, 17,3);
INSERT INTO vwaps (id, version, bid_price, bid_amount, offer_price,offer_amount, instrument_id, market_id) VALUES(324,0, 0,0,0, 0, 17,4);
INSERT INTO vwaps (id, version, bid_price, bid_amount, offer_price,offer_amount, instrument_id, market_id) VALUES(325,0, 0,0,0, 0, 17,5);
INSERT INTO vwaps (id, version, bid_price, bid_amount, offer_price,offer_amount, instrument_id, market_id) VALUES(326,0, 0,0,0, 0, 17,6);
INSERT INTO vwaps (id, version, bid_price, bid_amount, offer_price,offer_amount, instrument_id, market_id) VALUES(327,0, 0,0,0, 0, 17,7);
INSERT INTO vwaps (id, version, bid_price, bid_amount, offer_price,offer_amount, instrument_id, market_id) VALUES(328,0, 0,0,0, 0, 17,8);
INSERT INTO vwaps (id, version, bid_price, bid_amount, offer_price,offer_amount, instrument_id, market_id) VALUES(329,0, 0,0,0, 0, 17,9);
INSERT INTO vwaps (id, version, bid_price, bid_amount, offer_price,offer_amount, instrument_id, market_id) VALUES(330,0, 0,0,0, 0, 17,10);
INSERT INTO vwaps (id, version, bid_price, bid_amount, offer_price,offer_amount, instrument_id, market_id) VALUES(331,0, 0,0,0, 0, 17,11);
INSERT INTO vwaps (id, version, bid_price, bid_amount, offer_price,offer_amount, instrument_id, market_id) VALUES(332,0, 0,0,0, 0, 17,12);
INSERT INTO vwaps (id, version, bid_price, bid_amount, offer_price,offer_amount, instrument_id, market_id) VALUES(333,0, 0,0,0, 0, 17,13);
INSERT INTO vwaps (id, version, bid_price, bid_amount, offer_price,offer_amount, instrument_id, market_id) VALUES(334,0, 0,0,0, 0, 17,14);
INSERT INTO vwaps (id, version, bid_price, bid_amount, offer_price,offer_amount, instrument_id, market_id) VALUES(335,0, 0,0,0, 0, 17,15);
INSERT INTO vwaps (id, version, bid_price, bid_amount, offer_price,offer_amount, instrument_id, market_id) VALUES(336,0, 0,0,0, 0, 17,16);
INSERT INTO vwaps (id, version, bid_price, bid_amount, offer_price,offer_amount, instrument_id, market_id) VALUES(337,0, 0,0,0, 0, 17,17);
INSERT INTO vwaps (id, version, bid_price, bid_amount, offer_price,offer_amount, instrument_id, market_id) VALUES(338,0, 0,0,0, 0, 17,18);
INSERT INTO vwaps (id, version, bid_price, bid_amount, offer_price,offer_amount, instrument_id, market_id) VALUES(339,0, 0,0,0, 0, 17,19);
INSERT INTO vwaps (id, version, bid_price, bid_amount, offer_price,offer_amount, instrument_id, market_id) VALUES(340,0, 0,0,0, 0, 17,20);
INSERT INTO vwaps (id, version, bid_price, bid_amount, offer_price,offer_amount, instrument_id, market_id) VALUES(341,0, 0,0,0, 0, 18,1);
INSERT INTO vwaps (id, version, bid_price, bid_amount, offer_price,offer_amount, instrument_id, market_id) VALUES(342,0, 0,0,0, 0, 18,2);
INSERT INTO vwaps (id, version, bid_price, bid_amount, offer_price,offer_amount, instrument_id, market_id) VALUES(343,0, 0,0,0, 0, 18,3);
INSERT INTO vwaps (id, version, bid_price, bid_amount, offer_price,offer_amount, instrument_id, market_id) VALUES(344,0, 0,0,0, 0, 18,4);
INSERT INTO vwaps (id, version, bid_price, bid_amount, offer_price,offer_amount, instrument_id, market_id) VALUES(345,0, 0,0,0, 0, 18,5);
INSERT INTO vwaps (id, version, bid_price, bid_amount, offer_price,offer_amount, instrument_id, market_id) VALUES(346,0, 0,0,0, 0, 18,6);
INSERT INTO vwaps (id, version, bid_price, bid_amount, offer_price,offer_amount, instrument_id, market_id) VALUES(347,0, 0,0,0, 0, 18,7);
INSERT INTO vwaps (id, version, bid_price, bid_amount, offer_price,offer_amount, instrument_id, market_id) VALUES(348,0, 0,0,0, 0, 18,8);
INSERT INTO vwaps (id, version, bid_price, bid_amount, offer_price,offer_amount, instrument_id, market_id) VALUES(349,0, 0,0,0, 0, 18,9);
INSERT INTO vwaps (id, version, bid_price, bid_amount, offer_price,offer_amount, instrument_id, market_id) VALUES(350,0, 0,0,0, 0, 18,10);
INSERT INTO vwaps (id, version, bid_price, bid_amount, offer_price,offer_amount, instrument_id, market_id) VALUES(351,0, 0,0,0, 0, 18,11);
INSERT INTO vwaps (id, version, bid_price, bid_amount, offer_price,offer_amount, instrument_id, market_id) VALUES(352,0, 0,0,0, 0, 18,12);
INSERT INTO vwaps (id, version, bid_price, bid_amount, offer_price,offer_amount, instrument_id, market_id) VALUES(353,0, 0,0,0, 0, 18,13);
INSERT INTO vwaps (id, version, bid_price, bid_amount, offer_price,offer_amount, instrument_id, market_id) VALUES(354,0, 0,0,0, 0, 18,14);
INSERT INTO vwaps (id, version, bid_price, bid_amount, offer_price,offer_amount, instrument_id, market_id) VALUES(355,0, 0,0,0, 0, 18,15);
INSERT INTO vwaps (id, version, bid_price, bid_amount, offer_price,offer_amount, instrument_id, market_id) VALUES(356,0, 0,0,0, 0, 18,16);
INSERT INTO vwaps (id, version, bid_price, bid_amount, offer_price,offer_amount, instrument_id, market_id) VALUES(357,0, 0,0,0, 0, 18,17);
INSERT INTO vwaps (id, version, bid_price, bid_amount, offer_price,offer_amount, instrument_id, market_id) VALUES(358,0, 0,0,0, 0, 18,18);
INSERT INTO vwaps (id, version, bid_price, bid_amount, offer_price,offer_amount, instrument_id, market_id) VALUES(359,0, 0,0,0, 0, 18,19);
INSERT INTO vwaps (id, version, bid_price, bid_amount, offer_price,offer_amount, instrument_id, market_id) VALUES(360,0, 0,0,0, 0, 18,20);
INSERT INTO vwaps (id, version, bid_price, bid_amount, offer_price,offer_amount, instrument_id, market_id) VALUES(361,0, 0,0,0, 0, 19,1);
INSERT INTO vwaps (id, version, bid_price, bid_amount, offer_price,offer_amount, instrument_id, market_id) VALUES(362,0, 0,0,0, 0, 19,2);
INSERT INTO vwaps (id, version, bid_price, bid_amount, offer_price,offer_amount, instrument_id, market_id) VALUES(363,0, 0,0,0, 0, 19,3);
INSERT INTO vwaps (id, version, bid_price, bid_amount, offer_price,offer_amount, instrument_id, market_id) VALUES(364,0, 0,0,0, 0, 19,4);
INSERT INTO vwaps (id, version, bid_price, bid_amount, offer_price,offer_amount, instrument_id, market_id) VALUES(365,0, 0,0,0, 0, 19,5);
INSERT INTO vwaps (id, version, bid_price, bid_amount, offer_price,offer_amount, instrument_id, market_id) VALUES(366,0, 0,0,0, 0, 19,6);
INSERT INTO vwaps (id, version, bid_price, bid_amount, offer_price,offer_amount, instrument_id, market_id) VALUES(367,0, 0,0,0, 0, 19,7);
INSERT INTO vwaps (id, version, bid_price, bid_amount, offer_price,offer_amount, instrument_id, market_id) VALUES(368,0, 0,0,0, 0, 19,8);
INSERT INTO vwaps (id, version, bid_price, bid_amount, offer_price,offer_amount, instrument_id, market_id) VALUES(369,0, 0,0,0, 0, 19,9);
INSERT INTO vwaps (id, version, bid_price, bid_amount, offer_price,offer_amount, instrument_id, market_id) VALUES(370,0, 0,0,0, 0, 19,10);
INSERT INTO vwaps (id, version, bid_price, bid_amount, offer_price,offer_amount, instrument_id, market_id) VALUES(371,0, 0,0,0, 0, 19,11);
INSERT INTO vwaps (id, version, bid_price, bid_amount, offer_price,offer_amount, instrument_id, market_id) VALUES(372,0, 0,0,0, 0, 19,12);
INSERT INTO vwaps (id, version, bid_price, bid_amount, offer_price,offer_amount, instrument_id, market_id) VALUES(373,0, 0,0,0, 0, 19,13);
INSERT INTO vwaps (id, version, bid_price, bid_amount, offer_price,offer_amount, instrument_id, market_id) VALUES(374,0, 0,0,0, 0, 19,14);
INSERT INTO vwaps (id, version, bid_price, bid_amount, offer_price,offer_amount, instrument_id, market_id) VALUES(375,0, 0,0,0, 0, 19,15);
INSERT INTO vwaps (id, version, bid_price, bid_amount, offer_price,offer_amount, instrument_id, market_id) VALUES(376,0, 0,0,0, 0, 19,16);
INSERT INTO vwaps (id, version, bid_price, bid_amount, offer_price,offer_amount, instrument_id, market_id) VALUES(377,0, 0,0,0, 0, 19,17);
INSERT INTO vwaps (id, version, bid_price, bid_amount, offer_price,offer_amount, instrument_id, market_id) VALUES(378,0, 0,0,0, 0, 19,18);
INSERT INTO vwaps (id, version, bid_price, bid_amount, offer_price,offer_amount, instrument_id, market_id) VALUES(379,0, 0,0,0, 0, 19,19);
INSERT INTO vwaps (id, version, bid_price, bid_amount, offer_price,offer_amount, instrument_id, market_id) VALUES(380,0, 0,0,0, 0, 19,20);
INSERT INTO vwaps (id, version, bid_price, bid_amount, offer_price,offer_amount, instrument_id, market_id) VALUES(381,0, 0,0,0, 0, 20,1);
INSERT INTO vwaps (id, version, bid_price, bid_amount, offer_price,offer_amount, instrument_id, market_id) VALUES(382,0, 0,0,0, 0, 20,2);
INSERT INTO vwaps (id, version, bid_price, bid_amount, offer_price,offer_amount, instrument_id, market_id) VALUES(383,0, 0,0,0, 0, 20,3);
INSERT INTO vwaps (id, version, bid_price, bid_amount, offer_price,offer_amount, instrument_id, market_id) VALUES(384,0, 0,0,0, 0, 20,4);
INSERT INTO vwaps (id, version, bid_price, bid_amount, offer_price,offer_amount, instrument_id, market_id) VALUES(385,0, 0,0,0, 0, 20,5);
INSERT INTO vwaps (id, version, bid_price, bid_amount, offer_price,offer_amount, instrument_id, market_id) VALUES(386,0, 0,0,0, 0, 20,6);
INSERT INTO vwaps (id, version, bid_price, bid_amount, offer_price,offer_amount, instrument_id, market_id) VALUES(387,0, 0,0,0, 0, 20,7);
INSERT INTO vwaps (id, version, bid_price, bid_amount, offer_price,offer_amount, instrument_id, market_id) VALUES(388,0, 0,0,0, 0, 20,8);
INSERT INTO vwaps (id, version, bid_price, bid_amount, offer_price,offer_amount, instrument_id, market_id) VALUES(389,0, 0,0,0, 0, 20,9);
INSERT INTO vwaps (id, version, bid_price, bid_amount, offer_price,offer_amount, instrument_id, market_id) VALUES(390,0, 0,0,0, 0, 20,10);
INSERT INTO vwaps (id, version, bid_price, bid_amount, offer_price,offer_amount, instrument_id, market_id) VALUES(391,0, 0,0,0, 0, 20,11);
INSERT INTO vwaps (id, version, bid_price, bid_amount, offer_price,offer_amount, instrument_id, market_id) VALUES(392,0, 0,0,0, 0, 20,12);
INSERT INTO vwaps (id, version, bid_price, bid_amount, offer_price,offer_amount, instrument_id, market_id) VALUES(393,0, 0,0,0, 0, 20,13);
INSERT INTO vwaps (id, version, bid_price, bid_amount, offer_price,offer_amount, instrument_id, market_id) VALUES(394,0, 0,0,0, 0, 20,14);
INSERT INTO vwaps (id, version, bid_price, bid_amount, offer_price,offer_amount, instrument_id, market_id) VALUES(395,0, 0,0,0, 0, 20,15);
INSERT INTO vwaps (id, version, bid_price, bid_amount, offer_price,offer_amount, instrument_id, market_id) VALUES(396,0, 0,0,0, 0, 20,16);
INSERT INTO vwaps (id, version, bid_price, bid_amount, offer_price,offer_amount, instrument_id, market_id) VALUES(397,0, 0,0,0, 0, 20,17);
INSERT INTO vwaps (id, version, bid_price, bid_amount, offer_price,offer_amount, instrument_id, market_id) VALUES(398,0, 0,0,0, 0, 20,18);
INSERT INTO vwaps (id, version, bid_price, bid_amount, offer_price,offer_amount, instrument_id, market_id) VALUES(399,0, 0,0,0, 0, 20,19);
INSERT INTO vwaps (id, version, bid_price, bid_amount, offer_price,offer_amount, instrument_id, market_id) VALUES(400,0, 0,0,0, 0, 20,20);
